1,"[-1.4209719896316528, -1.42097008228302, -1.4209721088409424, -1.4209688901901245, -1.420964241027832, -1.4209696054458618, -1.4209744930267334, -1.4209766387939453, -1.4209787845611572, -1.4209803342819214, -1.420981526374817, -1.4209824800491333, -1.4209824800491333, -1.4209822416305542, -1.4209800958633423, -1.4012409448623657, -1.4009995460510254, -1.4209753274917603, -1.420982837677002, -1.4209785461425781, -2.229203462600708, -2.2092034816741943, -2.229203462600708, -2.2092034816741943, -2.229203462600708, -2.2092034816741943, -2.229203462600708, -2.2092034816741943, -2.229203462600708, -2.2092034816741943, -2.2092041969299316, -2.2092039585113525, -2.2092034816741943, -2.229203462600708, -2.2092034816741943, -2.229203462600708, -2.2092034816741943, -2.229203462600708, -2.2092034816741943, -2.2092034816741943, -2.998154878616333, -3.0181548595428467, -3.0181548595428467, -2.998154878616333, -2.9981658458709717, -2.998155117034912, -3.0181541442871094, -2.998154878616333, -2.998155117034912, -2.9981555938720703, -2.998154878616333, -2.998155117034912, -2.998155117034912, -2.998155117034912, -2.998155117034912, -2.998155117034912, -2.998154878616333, -2.998154878616333, -3.0181546211242676, -2.998154878616333]"
2,"[-1.414574384689331, -1.4145798683166504, -1.4147651195526123, -1.4145030975341797, -1.4143353700637817, -1.4146325588226318, -1.4152849912643433, -1.4164716005325317, -1.4209445714950562, -1.4294110536575317, -1.4309027194976807, -1.43047034740448, -1.4298921823501587, -1.4293357133865356, -1.4289194345474243, -1.4086711406707764, -1.4082707166671753, -1.428548812866211, -1.4286878108978271, -1.4285104274749756, -2.2338452339172363, -2.201547622680664, -2.234389066696167, -2.2024309635162354, -2.2360117435455322, -2.2026824951171875, -2.2362277507781982, -2.202796220779419, -2.2365708351135254, -2.2029314041137695, -2.2095937728881836, -2.2094321250915527, -2.203848361968994, -2.2374727725982666, -2.2033345699310303, -2.2371175289154053, -2.2035818099975586, -2.2371318340301514, -2.2046403884887695, -2.203627824783325, -2.9901883602142334, -3.024914503097534, -3.024510383605957, -2.992013692855835, -3.0054128170013428, -2.988832950592041, -3.016310930252075, -2.990795850753784, -2.9889161586761475, -2.988633394241333, -2.9904980659484863, -2.9882524013519287, -2.988409996032715, -2.9881837368011475, -2.98816180229187, -2.988154888153076, -2.9881601333618164, -2.988220691680908, -3.018364906311035, -2.9898273944854736]"
3,"[-1.4088289737701416, -1.4087790250778198, -1.409104824066162, -1.4088091850280762, -1.4086488485336304, -1.4093071222305298, -1.410519003868103, -1.4129687547683716, -1.421455979347229, -1.4368622303009033, -1.4393080472946167, -1.4385123252868652, -1.4373843669891357, -1.436381220817566, -1.4356602430343628, -1.4153000116348267, -1.4148586988449097, -1.4354745149612427, -1.4358692169189453, -1.4357835054397583, -2.2376153469085693, -2.1954479217529297, -2.238692283630371, -2.197327136993408, -2.2414779663085938, -2.197783946990967, -2.2419440746307373, -2.1981234550476074, -2.2430381774902344, -2.1985552310943604, -2.213876724243164, -2.213498830795288, -2.201000452041626, -2.2452070713043213, -2.1993930339813232, -2.2447469234466553, -2.2011609077453613, -2.241783857345581, -2.2023062705993652, -2.2005767822265625, -2.9813826084136963, -3.0313427448272705, -3.029078483581543, -2.990452289581299, -3.0137076377868652, -2.9792096614837646, -3.0140175819396973, -2.986112594604492, -2.979344367980957, -2.9788978099823, -2.9820148944854736, -2.978365182876587, -2.978731632232666, -2.978971481323242, -2.9788637161254883, -2.978233575820923, -2.9784624576568604, -2.9785001277923584, -3.0129170417785645, -2.9815056324005127]"
4,"[-1.4020835161209106, -1.401820182800293, -1.4022139310836792, -1.4018536806106567, -1.4018837213516235, -1.4035367965698242, -1.4092917442321777, -1.4152216911315918, -1.4262624979019165, -1.4452855587005615, -1.4481276273727417, -1.4470034837722778, -1.4451290369033813, -1.4433625936508179, -1.4421606063842773, -1.421492576599121, -1.4208735227584839, -1.441693902015686, -1.442147970199585, -1.442020058631897, -2.2404439449310303, -2.1904118061065674, -2.242630958557129, -2.1930906772613525, -2.246147394180298, -2.193671226501465, -2.2468485832214355, -2.194209098815918, -2.24859881401062, -2.194711446762085, -2.217561721801758, -2.215981960296631, -2.19842529296875, -2.25089693069458, -2.1961491107940674, -2.2502593994140625, -2.199132204055786, -2.2449567317962646, -2.2005839347839355, -2.198478937149048, -2.9759395122528076, -3.0389907360076904, -3.0353035926818848, -2.984532356262207, -3.021221876144409, -2.9713056087493896, -3.0196449756622314, -2.9792892932891846, -2.9725821018218994, -2.9723329544067383, -2.9841442108154297, -2.971238851547241, -2.9809391498565674, -2.971245765686035, -2.981297731399536, -2.971104621887207, -2.97690749168396, -2.9702541828155518, -3.0152010917663574, -2.9730043411254883]"
5,"[-1.3941938877105713, -1.3938065767288208, -1.3942378759384155, -1.3938764333724976, -1.3941606283187866, -1.3973628282546997, -1.4076290130615234, -1.417824625968933, -1.4326722621917725, -1.453830599784851, -1.457070231437683, -1.4559922218322754, -1.453608751296997, -1.4510010480880737, -1.449405550956726, -1.428303837776184, -1.427347183227539, -1.4481407403945923, -1.448501706123352, -1.4482300281524658, -2.2421579360961914, -2.186088800430298, -2.245908498764038, -2.189736843109131, -2.2499947547912598, -2.1901967525482178, -2.2509002685546875, -2.1908321380615234, -2.2530314922332764, -2.191300392150879, -2.2192955017089844, -2.217373847961426, -2.195631265640259, -2.255504608154297, -2.193073272705078, -2.2548720836639404, -2.1970465183258057, -2.247718572616577, -2.1980247497558594, -2.1961159706115723, -2.970052480697632, -3.037132501602173, -3.0416195392608643, -2.978252649307251, -3.0233964920043945, -2.964334487915039, -3.0181641578674316, -2.97448468208313, -2.969242572784424, -2.9668328762054443, -2.987748384475708, -2.965268611907959, -2.982759952545166, -2.9642794132232666, -2.9849908351898193, -2.9646155834198, -2.97599458694458, -2.9629745483398438, -3.0195095539093018, -2.964556932449341]"
6,"[-1.3867608308792114, -1.3862273693084717, -1.3866666555404663, -1.3863296508789062, -1.3869019746780396, -1.391686201095581, -1.4061756134033203, -1.4202733039855957, -1.4387047290802002, -1.4620387554168701, -1.4656585454940796, -1.4645286798477173, -1.4616963863372803, -1.4582873582839966, -1.4563241004943848, -1.4348690509796143, -1.433624029159546, -1.4543875455856323, -1.4546440839767456, -1.4541935920715332, -2.243582248687744, -2.182406425476074, -2.248979091644287, -2.1869826316833496, -2.2535321712493896, -2.187363862991333, -2.254786491394043, -2.188138723373413, -2.257620096206665, -2.1886863708496094, -2.2227494716644287, -2.2202980518341064, -2.1941885948181152, -2.260204315185547, -2.19079852104187, -2.259697675704956, -2.1960599422454834, -2.250858783721924, -2.1961588859558105, -2.194654703140259, -2.963132858276367, -3.0358519554138184, -3.0469465255737305, -2.973055124282837, -3.028898000717163, -2.9580066204071045, -3.0154242515563965, -2.969987630844116, -2.9642863273620605, -2.9618186950683594, -2.9896771907806396, -2.959846019744873, -2.983393669128418, -2.958019733428955, -2.985743284225464, -2.958833694458008, -2.9729740619659424, -2.9564411640167236, -3.018256902694702, -2.9561071395874023]"
7,"[-1.380216121673584, -1.3795465230941772, -1.3799712657928467, -1.3796679973602295, -1.380480170249939, -1.3866420984268188, -1.4048649072647095, -1.4224480390548706, -1.4440441131591797, -1.4693745374679565, -1.4733318090438843, -1.4722914695739746, -1.4690700769424438, -1.464910864830017, -1.4626178741455078, -1.4408583641052246, -1.4393383264541626, -1.460057258605957, -1.4602323770523071, -1.4597152471542358, -2.2448930740356445, -2.1793525218963623, -2.2517848014831543, -2.184711217880249, -2.2568202018737793, -2.185056447982788, -2.258490800857544, -2.1859381198883057, -2.261941909790039, -2.186579942703247, -2.2269365787506104, -2.2240946292877197, -2.1935107707977295, -2.2651100158691406, -2.18926739692688, -2.26456618309021, -2.195805072784424, -2.2543411254882812, -2.1959614753723145, -2.194035053253174, -2.9647440910339355, -3.0333404541015625, -3.0517845153808594, -2.9678995609283447, -3.0354466438293457, -2.9525680541992188, -3.012233018875122, -2.965479850769043, -2.9613564014434814, -2.9573264122009277, -2.993010997772217, -2.954674482345581, -2.9844439029693604, -2.95196270942688, -2.986569404602051, -2.9533865451812744, -2.9691596031188965, -2.9501888751983643, -3.015864610671997, -2.9477379322052]"
8,"[-1.3728747367858887, -1.3720117807388306, -1.3723851442337036, -1.3722999095916748, -1.373470425605774, -1.3812167644500732, -1.4044983386993408, -1.4265937805175781, -1.4508568048477173, -1.4775168895721436, -1.4816213846206665, -1.480472207069397, -1.4768632650375366, -1.4719380140304565, -1.4692862033843994, -1.4472910165786743, -1.4455152750015259, -1.4661004543304443, -1.4661941528320312, -1.4655673503875732, -2.2460615634918213, -2.1766090393066406, -2.2544100284576416, -2.1829116344451904, -2.26000714302063, -2.1832358837127686, -2.26216197013855, -2.184368848800659, -2.2668511867523193, -2.185375452041626, -2.233017683029175, -2.229806423187256, -2.1942672729492188, -2.2708046436309814, -2.188511371612549, -2.2698967456817627, -2.1964025497436523, -2.258146286010742, -2.196810483932495, -2.1937801837921143, -2.9659957885742188, -3.030876874923706, -3.0561327934265137, -2.9627110958099365, -3.041093111038208, -2.9472615718841553, -3.0093815326690674, -2.9610495567321777, -2.957193374633789, -2.9531607627868652, -2.9953479766845703, -2.949794292449951, -2.98477840423584, -2.9458084106445312, -2.986210584640503, -2.948119878768921, -2.964587688446045, -2.9440691471099854, -3.012507438659668, -2.9399333000183105]"
9,"[-1.3654048442840576, -1.364516019821167, -1.3649424314498901, -1.3650715351104736, -1.3664695024490356, -1.3748530149459839, -1.3999245166778564, -1.4244195222854614, -1.4507594108581543, -1.4788309335708618, -1.48531973361969, -1.4873778820037842, -1.4834131002426147, -1.478113055229187, -1.4750627279281616, -1.4533027410507202, -1.451517939567566, -1.472158670425415, -1.4722844362258911, -1.4716733694076538, -2.2463061809539795, -2.1740562915802, -2.256718158721924, -2.181380033493042, -2.263005256652832, -2.1817879676818848, -2.265789747238159, -2.183274745941162, -2.271960973739624, -2.1847736835479736, -2.239891290664673, -2.23641300201416, -2.195746660232544, -2.276705265045166, -2.188340902328491, -2.275320529937744, -2.1975138187408447, -2.2624340057373047, -2.19873046875, -2.1941254138946533, -2.9673399925231934, -3.0287082195281982, -3.0601260662078857, -2.9579503536224365, -3.0471043586730957, -2.9423277378082275, -3.0071980953216553, -2.957624673843384, -2.952763795852661, -2.9498562812805176, -2.9975006580352783, -2.9453699588775635, -2.9854323863983154, -2.9404847621917725, -2.9866693019866943, -2.943396806716919, -2.9595305919647217, -2.938868522644043, -3.0094895362854004, -2.9324376583099365]"
10,"[-1.3579422235488892, -1.3570791482925415, -1.3575712442398071, -1.357915997505188, -1.359483242034912, -1.3687914609909058, -1.3962905406951904, -1.423789620399475, -1.4528595209121704, -1.482460856437683, -1.4908345937728882, -1.4952031373977661, -1.4908783435821533, -1.4851256608963013, -1.4815480709075928, -1.459952712059021, -1.4581376314163208, -1.4787532091140747, -1.478915810585022, -1.4783477783203125, -2.246054172515869, -2.1718244552612305, -2.2599902153015137, -2.180541753768921, -2.266676902770996, -2.1812477111816406, -2.2701656818389893, -2.1832242012023926, -2.2779128551483154, -2.1852831840515137, -2.2477023601531982, -2.243968963623047, -2.198331832885742, -2.2823750972747803, -2.188894033432007, -2.280406951904297, -2.1992881298065186, -2.2667059898376465, -2.2023932933807373, -2.195387363433838, -2.967574119567871, -3.0260398387908936, -3.0635693073272705, -2.9526772499084473, -3.0529587268829346, -2.937405586242676, -3.0050995349884033, -2.9537761211395264, -2.94781231880188, -2.946652412414551, -2.9989023208618164, -2.9412524700164795, -2.9856250286102295, -2.935638189315796, -2.9863176345825195, -2.9390668869018555, -2.9542489051818848, -2.9340696334838867, -3.0064799785614014, -2.9255752563476562]"
11,"[-1.3497352600097656, -1.3488984107971191, -1.3494638204574585, -1.3500686883926392, -1.3521286249160767, -1.3635427951812744, -1.3957874774932861, -1.4269440174102783, -1.458021879196167, -1.4882029294967651, -1.4972342252731323, -1.5024892091751099, -1.4982713460922241, -1.4927595853805542, -1.4890586137771606, -1.4675966501235962, -1.465600848197937, -1.4862278699874878, -1.486335277557373, -1.4854602813720703, -2.2432281970977783, -2.1666083335876465, -2.2654550075531006, -2.1774730682373047, -2.2703793048858643, -2.1805319786071777, -2.2743892669677734, -2.1829962730407715, -2.283762216567993, -2.1857995986938477, -2.255281925201416, -2.2522261142730713, -2.1988770961761475, -2.2886223793029785, -2.1893067359924316, -2.2851991653442383, -2.2017366886138916, -2.272461414337158, -2.2064461708068848, -2.195519208908081, -2.9654393196105957, -3.02368426322937, -3.066887855529785, -2.948744535446167, -3.058274507522583, -2.9323720932006836, -3.0057249069213867, -2.9499847888946533, -2.947253942489624, -2.943345546722412, -3.001666784286499, -2.9372527599334717, -2.986290454864502, -2.9308578968048096, -2.986722946166992, -2.93495774269104, -2.947998046875, -2.9293758869171143, -3.0043020248413086, -2.918860912322998]"
12,"[-1.3409777879714966, -1.3401479721069336, -1.3407937288284302, -1.341559886932373, -1.3439514636993408, -1.3569167852401733, -1.393066644668579, -1.4281073808670044, -1.4617369174957275, -1.4928714036941528, -1.5028802156448364, -1.5096828937530518, -1.505799651145935, -1.5007368326187134, -1.497168779373169, -1.4759857654571533, -1.473854422569275, -1.494494915008545, -1.4945605993270874, -1.4934629201889038, -2.2382493019104004, -2.1614999771118164, -2.269282341003418, -2.1742992401123047, -2.2731242179870605, -2.1796581745147705, -2.2778477668762207, -2.182750940322876, -2.2888128757476807, -2.1861977577209473, -2.262751817703247, -2.259991407394409, -2.199355363845825, -2.2946529388427734, -2.1897997856140137, -2.2898201942443848, -2.2039895057678223, -2.2777233123779297, -2.2100653648376465, -2.1956772804260254, -2.965909004211426, -3.0203726291656494, -3.070207118988037, -2.945124864578247, -3.0637078285217285, -2.927053213119507, -3.0078020095825195, -2.945655584335327, -2.9466469287872314, -2.940223217010498, -3.006779670715332, -2.9330554008483887, -2.9894378185272217, -2.925719738006592, -2.9889907836914062, -2.93070125579834, -2.942931652069092, -2.9244556427001953, -3.004260301589966, -2.9121768474578857]"
13,"[-1.3327980041503906, -1.3320283889770508, -1.3327730894088745, -1.3337740898132324, -1.3365180492401123, -1.3509764671325684, -1.39069402217865, -1.4292751550674438, -1.4651728868484497, -1.4972034692764282, -1.5081943273544312, -1.5162510871887207, -1.512612223625183, -1.508004069328308, -1.50462806224823, -1.4838526248931885, -1.481667160987854, -1.5022902488708496, -1.5024349689483643, -1.5018115043640137, -2.2323737144470215, -2.1568491458892822, -2.272916555404663, -2.171583890914917, -2.2761776447296143, -2.1792545318603516, -2.2816498279571533, -2.1830248832702637, -2.2943315505981445, -2.1871261596679688, -2.2705984115600586, -2.2680015563964844, -2.200305461883545, -2.3006060123443604, -2.190523624420166, -2.2942051887512207, -2.206386089324951, -2.282641649246216, -2.2138473987579346, -2.1960043907165527, -2.9661192893981934, -3.017408847808838, -3.0732839107513428, -2.941112518310547, -3.068821430206299, -2.9216110706329346, -3.0097713470458984, -2.9413204193115234, -2.9469635486602783, -2.9371776580810547, -3.0118303298950195, -2.928936004638672, -2.9920153617858887, -2.920642614364624, -2.990705966949463, -2.926492214202881, -2.937101125717163, -2.919442653656006, -3.003915786743164, -2.905808448791504]"
14,"[-1.3253424167633057, -1.3246252536773682, -1.3254690170288086, -1.3267042636871338, -1.3297755718231201, -1.3456144332885742, -1.3885838985443115, -1.43035089969635, -1.4682586193084717, -1.5010952949523926, -1.5129668712615967, -1.5221869945526123, -1.518808364868164, -1.5146929025650024, -1.5115925073623657, -1.4913108348846436, -1.4891793727874756, -1.5098553895950317, -1.510122537612915, -1.5099084377288818, -2.226841688156128, -2.152620553970337, -2.275975465774536, -2.1690661907196045, -2.2787082195281982, -2.178771495819092, -2.2850236892700195, -2.1830661296844482, -2.2992920875549316, -2.187697649002075, -2.2774012088775635, -2.274898052215576, -2.2007479667663574, -2.306079626083374, -2.1908514499664307, -2.2982656955718994, -2.2083473205566406, -2.2871124744415283, -2.217111349105835, -2.1958916187286377, -2.9661152362823486, -3.014934778213501, -3.076253652572632, -2.9375569820404053, -3.0733792781829834, -2.9173266887664795, -3.011568307876587, -2.9369025230407715, -2.94673490524292, -2.93442702293396, -3.016016960144043, -2.9253978729248047, -2.9940857887268066, -2.915271043777466, -2.9911715984344482, -2.9224493503570557, -2.931321382522583, -2.9145073890686035, -3.0021743774414062, -2.8998284339904785]"
15,"[-1.3172916173934937, -1.3165762424468994, -1.3175324201583862, -1.3188971281051636, -1.3220947980880737, -1.338748812675476, -1.385291337966919, -1.4337787628173828, -1.4730288982391357, -1.5061756372451782, -1.5191025733947754, -1.5292973518371582, -1.5262140035629272, -1.5223573446273804, -1.5193034410476685, -1.4993423223495483, -1.4974983930587769, -1.518225073814392, -1.518446445465088, -1.518512487411499, -2.2206108570098877, -2.1485583782196045, -2.278398036956787, -2.1667087078094482, -2.2807676792144775, -2.1783158779144287, -2.2877798080444336, -2.183016300201416, -2.303267478942871, -2.1881892681121826, -2.2827653884887695, -2.280627965927124, -2.201054811477661, -2.310800552368164, -2.191149950027466, -2.3018593788146973, -2.210249423980713, -2.291161298751831, -2.220289945602417, -2.195777177810669, -2.9666852951049805, -3.0127482414245605, -3.0791215896606445, -2.9346039295196533, -3.0777835845947266, -2.9134035110473633, -3.013406753540039, -2.9326894283294678, -2.946723222732544, -2.931828737258911, -3.0197901725769043, -2.921898126602173, -2.9961471557617188, -2.9098308086395264, -2.9914610385894775, -2.9184908866882324, -2.9254820346832275, -2.9095699787139893, -3.0003507137298584, -2.8941309452056885]"
16,"[-1.3099310398101807, -1.3092172145843506, -1.310287594795227, -1.3117724657058716, -1.3150739669799805, -1.3324545621871948, -1.3822399377822876, -1.4368647336959839, -1.477372646331787, -1.510826826095581, -1.5247315168380737, -1.5358294248580933, -1.5330191850662231, -1.5293877124786377, -1.5263715982437134, -1.5067124366760254, -1.5051603317260742, -1.5259610414505005, -1.526147723197937, -1.5264549255371094, -2.2149860858917236, -2.1449170112609863, -2.280761480331421, -2.1647226810455322, -2.2829396724700928, -2.1781086921691895, -2.290623426437378, -2.183185577392578, -2.3072526454925537, -2.188875198364258, -2.2881429195404053, -2.2862141132354736, -2.2015061378479004, -2.3153157234191895, -2.1915087699890137, -2.305264711380005, -2.212083578109741, -2.2949655055999756, -2.2230942249298096, -2.1955745220184326, -2.9689619541168213, -3.0099611282348633, -3.0821871757507324, -2.9317710399627686, -3.0832066535949707, -2.9096274375915527, -3.015761613845825, -2.9283642768859863, -2.9467411041259766, -2.9292309284210205, -3.02398943901062, -2.918307065963745, -2.998112201690674, -2.9045493602752686, -2.9908549785614014, -2.9146740436553955, -2.918989896774292, -2.9045069217681885, -2.997659921646118, -2.888469934463501]"
17,"[-1.3016456365585327, -1.300920009613037, -1.3021066188812256, -1.3036690950393677, -1.30705988407135, -1.324979305267334, -1.3770103454589844, -1.436585545539856, -1.4789491891860962, -1.514017939567566, -1.5302125215530396, -1.5426914691925049, -1.5406737327575684, -1.5373578071594238, -1.5344489812850952, -1.515000581741333, -1.5135998725891113, -1.534470796585083, -1.534677505493164, -1.5351793766021729, -2.207927942276001, -2.1410627365112305, -2.2819411754608154, -2.1625068187713623, -2.2843987941741943, -2.1778786182403564, -2.293497323989868, -2.1837618350982666, -2.312124490737915, -2.190232753753662, -2.294654607772827, -2.292374849319458, -2.202308416366577, -2.3197336196899414, -2.1919329166412354, -2.308725595474243, -2.214329481124878, -2.2992632389068604, -2.2272911071777344, -2.1962931156158447, -2.9716436862945557, -3.0069985389709473, -3.084822416305542, -2.9265530109405518, -3.089494228363037, -2.905287742614746, -3.019767999649048, -2.92342209815979, -2.945937156677246, -2.926553964614868, -3.028966188430786, -2.9139723777770996, -3.000814199447632, -2.8989439010620117, -2.9910945892333984, -2.9105701446533203, -2.9117989540100098, -2.898536443710327, -2.994476795196533, -2.8825390338897705]"
18,"[-1.2932184934616089, -1.292404294013977, -1.2936350107192993, -1.2952144145965576, -1.298525333404541, -1.3167471885681152, -1.370557427406311, -1.4348708391189575, -1.4799078702926636, -1.5169490575790405, -1.5355525016784668, -1.5494242906570435, -1.5482286214828491, -1.5452063083648682, -1.542362928390503, -1.5230655670166016, -1.5218063592910767, -1.5428359508514404, -1.5430654287338257, -1.5436887741088867, -2.201157808303833, -2.137457847595215, -2.282864809036255, -2.1604502201080322, -2.2857539653778076, -2.177699089050293, -2.296198844909668, -2.1843955516815186, -2.3165459632873535, -2.191593647003174, -2.3006224632263184, -2.2978713512420654, -2.2031056880950928, -2.323457956314087, -2.19230318069458, -2.311826229095459, -2.2164549827575684, -2.3034679889678955, -2.2315855026245117, -2.197169780731201, -2.9728317260742188, -3.004574775695801, -3.08747935295105, -2.9216246604919434, -3.0947282314300537, -2.900862455368042, -3.0242714881896973, -2.91825008392334, -2.9431071281433105, -2.924013376235962, -3.0346343517303467, -2.9095940589904785, -3.0033726692199707, -2.8934521675109863, -2.9907491207122803, -2.9064085483551025, -2.9043679237365723, -2.892268180847168, -2.990487575531006, -2.8767242431640625]"
19,"[-1.285158634185791, -1.284315586090088, -1.285604476928711, -1.2872734069824219, -1.2904914617538452, -1.3090755939483643, -1.3650360107421875, -1.434112548828125, -1.481634497642517, -1.5203617811203003, -1.5410364866256714, -1.5563604831695557, -1.5561766624450684, -1.553270936012268, -1.550298810005188, -1.531187653541565, -1.5299590826034546, -1.5509339570999146, -1.5511083602905273, -1.551751971244812, -2.1950159072875977, -2.1342201232910156, -2.283750534057617, -2.158601999282837, -2.287029504776001, -2.1775426864624023, -2.2987804412841797, -2.1849894523620605, -2.320629835128784, -2.192814826965332, -2.3062288761138916, -2.303640842437744, -2.203110694885254, -2.327456474304199, -2.1930644512176514, -2.3150105476379395, -2.2190499305725098, -2.307549476623535, -2.2346456050872803, -2.198390483856201, -2.9740846157073975, -3.0025174617767334, -3.089940309524536, -2.917137622833252, -3.0996060371398926, -2.8969855308532715, -3.02841854095459, -2.913680076599121, -2.9402506351470947, -2.921765089035034, -3.039698839187622, -2.9055912494659424, -3.0056982040405273, -2.888446092605591, -2.9896345138549805, -2.9025416374206543, -2.8973355293273926, -2.8865785598754883, -2.9859542846679688, -2.8713481426239014]"
20,"[-1.277601957321167, -1.2767599821090698, -1.278106451034546, -1.2798665761947632, -1.2830010652542114, -1.3019248247146606, -1.359853982925415, -1.4333806037902832, -1.4832875728607178, -1.5236880779266357, -1.546337366104126, -1.5629807710647583, -1.5636470317840576, -1.5608007907867432, -1.5576905012130737, -1.538716197013855, -1.537516713142395, -1.5584341287612915, -1.5585466623306274, -1.5591908693313599, -2.1894335746765137, -2.1312997341156006, -2.2845780849456787, -2.1569807529449463, -2.2882072925567627, -2.1774611473083496, -2.301187753677368, -2.1856138706207275, -2.324502944946289, -2.194053888320923, -2.311457872390747, -2.308934450149536, -2.2030692100524902, -2.3309316635131836, -2.193696975708008, -2.317765951156616, -2.2213034629821777, -2.3111729621887207, -2.2373855113983154, -2.1994128227233887, -2.9752602577209473, -3.0010759830474854, -3.0927093029022217, -2.9133474826812744, -3.104302167892456, -2.893813371658325, -3.032233476638794, -2.9095194339752197, -2.9379496574401855, -2.9197299480438232, -3.0444326400756836, -2.901860475540161, -3.0076615810394287, -2.8841071128845215, -2.9879677295684814, -2.898627996444702, -2.890401840209961, -2.881120443344116, -2.98073410987854, -2.8662655353546143]"
21,"[-1.2705696821212769, -1.2697715759277344, -1.2712297439575195, -1.2731032371520996, -1.276247262954712, -1.2956502437591553, -1.355618953704834, -1.433253526687622, -1.4853122234344482, -1.5273282527923584, -1.5518102645874023, -1.5697194337844849, -1.5711066722869873, -1.5682586431503296, -1.564963698387146, -1.54608952999115, -1.5449811220169067, -1.5659458637237549, -1.566039800643921, -1.566644310951233, -2.1842916011810303, -2.128669023513794, -2.2853901386260986, -2.155651569366455, -2.2896366119384766, -2.177711009979248, -2.3040802478790283, -2.1868016719818115, -2.3294382095336914, -2.1960697174072266, -2.318183660507202, -2.3156580924987793, -2.2044713497161865, -2.3356058597564697, -2.1951160430908203, -2.3212602138519287, -2.224163055419922, -2.3150503635406494, -2.240687131881714, -2.200652599334717, -2.9762489795684814, -2.9997761249542236, -3.095134973526001, -2.9098262786865234, -3.108485460281372, -2.8909788131713867, -3.035753011703491, -2.905355453491211, -2.935163736343384, -2.9178924560546875, -3.048692464828491, -2.8984994888305664, -3.009037494659424, -2.880483627319336, -2.9856364727020264, -2.895158290863037, -2.8840091228485107, -2.8763129711151123, -2.9756393432617188, -2.8616228103637695]"
22,"[-1.2637945413589478, -1.2630555629730225, -1.2646108865737915, -1.2666181325912476, -1.2697150707244873, -1.289536476135254, -1.351447582244873, -1.4331188201904297, -1.4873780012130737, -1.5311200618743896, -1.557376503944397, -1.5766288042068481, -1.578721046447754, -1.5757473707199097, -1.5721427202224731, -1.5532817840576172, -1.5522152185440063, -1.5731490850448608, -1.5732122659683228, -1.5738105773925781, -2.1792712211608887, -2.1262216567993164, -2.28578782081604, -2.1543526649475098, -2.290757656097412, -2.1779122352600098, -2.3067944049835205, -2.1879782676696777, -2.334290027618408, -2.198110818862915, -2.324899196624756, -2.322305679321289, -2.2060980796813965, -2.3401739597320557, -2.1965854167938232, -2.324521780014038, -2.2269537448883057, -2.3185739517211914, -2.244050979614258, -2.202011823654175, -2.9772119522094727, -2.9985768795013428, -3.0972867012023926, -2.9066882133483887, -3.1122326850891113, -2.888385772705078, -3.038930892944336, -2.9016008377075195, -2.932737350463867, -2.9161298274993896, -3.0524890422821045, -2.8954355716705322, -3.010103464126587, -2.8770413398742676, -2.9830665588378906, -2.8919196128845215, -2.8779430389404297, -2.871852397918701, -2.9709415435791016, -2.8575313091278076]"
23,"[-1.2576028108596802, -1.2568867206573486, -1.258549451828003, -1.2607429027557373, -1.2638288736343384, -1.2841213941574097, -1.3480104207992554, -1.4334064722061157, -1.489654541015625, -1.5350123643875122, -1.5628570318222046, -1.5832839012145996, -1.5859439373016357, -1.5828123092651367, -1.578887701034546, -1.5600217580795288, -1.5589910745620728, -1.5798977613449097, -1.5799143314361572, -1.580487608909607, -2.174760103225708, -2.1240453720092773, -2.2862632274627686, -2.153261423110962, -2.2919259071350098, -2.1781890392303467, -2.3094828128814697, -2.1891555786132812, -2.339031219482422, -2.2001099586486816, -2.3315463066101074, -2.328871250152588, -2.20784854888916, -2.344895362854004, -2.1981191635131836, -2.328033447265625, -2.2298288345336914, -2.32189679145813, -2.247396945953369, -2.203118324279785, -2.9784326553344727, -2.9971117973327637, -3.0995736122131348, -2.9037487506866455, -3.116231918334961, -2.886094808578491, -3.041966676712036, -2.8977973461151123, -2.930215358734131, -2.914423942565918, -3.0559747219085693, -2.892453193664551, -3.0108072757720947, -2.8734185695648193, -2.9798662662506104, -2.8887670040130615, -2.8719844818115234, -2.8673832416534424, -2.966089963912964, -2.8535845279693604]"
24,"[-1.2518256902694702, -1.251126766204834, -1.2528960704803467, -1.2552835941314697, -1.258394479751587, -1.2791935205459595, -1.3448984622955322, -1.4337526559829712, -1.49199378490448, -1.539042353630066, -1.568339467048645, -1.5898271799087524, -1.592910647392273, -1.5895575284957886, -1.5852558612823486, -1.566334843635559, -1.5653120279312134, -1.5861722230911255, -1.5861262083053589, -1.586661458015442, -2.1707069873809814, -2.1220927238464355, -2.286741018295288, -2.1523189544677734, -2.2931511402130127, -2.178554058074951, -2.312204360961914, -2.190403461456299, -2.343803882598877, -2.202148199081421, -2.3384878635406494, -2.3356003761291504, -2.2099838256835938, -2.34977126121521, -2.200071096420288, -2.331881284713745, -2.233569383621216, -2.3248374462127686, -2.2492668628692627, -2.2033658027648926, -2.9793856143951416, -2.995548963546753, -3.1017239093780518, -2.901322841644287, -3.1201090812683105, -2.883615016937256, -3.0452306270599365, -2.8938229084014893, -2.927039623260498, -2.912287473678589, -3.0584516525268555, -2.8893988132476807, -3.0113165378570557, -2.8694777488708496, -2.9764695167541504, -2.8853745460510254, -2.8656630516052246, -2.8627448081970215, -2.9608874320983887, -2.849569320678711]"
25,"[-1.2460559606552124, -1.245426058769226, -1.247334599494934, -1.2499723434448242, -1.2531334161758423, -1.2744823694229126, -1.3421001434326172, -1.434395432472229, -1.49468195438385, -1.543541669845581, -1.5742104053497314, -1.5966686010360718, -1.5999482870101929, -1.596234679222107, -1.5915462970733643, -1.5725454092025757, -1.5715017318725586, -1.592329978942871, -1.592231273651123, -1.5926960706710815, -2.1670291423797607, -2.120361804962158, -2.287259340286255, -2.151585340499878, -2.294525146484375, -2.1791157722473145, -2.315150022506714, -2.1918933391571045, -2.3488354682922363, -2.2044517993927, -2.3456311225891113, -2.3424689769744873, -2.2124688625335693, -2.3548049926757812, -2.2021522521972656, -2.3358774185180664, -2.237335443496704, -2.327885150909424, -2.2513973712921143, -2.2038795948028564, -2.9800894260406494, -2.9940266609191895, -3.103665828704834, -2.8991451263427734, -3.123760461807251, -2.8813016414642334, -3.0481626987457275, -2.890336036682129, -2.9237828254699707, -2.9104349613189697, -3.0605454444885254, -2.886624813079834, -3.0115950107574463, -2.8659584522247314, -2.972771167755127, -2.8823583126068115, -2.8598365783691406, -2.8588383197784424, -2.956134796142578, -2.8459837436676025]"
26,"[-1.2405922412872314, -1.2400199174880981, -1.2420412302017212, -1.244900107383728, -1.248118281364441, -1.2700423002243042, -1.3395580053329468, -1.4351797103881836, -1.4973701238632202, -1.5480549335479736, -1.5801211595535278, -1.6036194562911987, -1.6070737838745117, -1.6030620336532593, -1.5980304479599, -1.5789203643798828, -1.577905535697937, -1.5987753868103027, -1.5986708402633667, -1.5990917682647705, -2.163224220275879, -2.1187584400177, -2.2880001068115234, -2.151167154312134, -2.2964723110198975, -2.180009126663208, -2.3184077739715576, -2.1934797763824463, -2.3540594577789307, -2.2070016860961914, -2.353020668029785, -2.349644184112549, -2.2154645919799805, -2.3602445125579834, -2.2045586109161377, -2.3402793407440186, -2.2414276599884033, -2.3313000202178955, -2.2542738914489746, -2.204726457595825, -2.980459451675415, -2.992342472076416, -3.105708599090576, -2.8971071243286133, -3.127349376678467, -2.879343032836914, -3.0510685443878174, -2.8870060443878174, -2.92029070854187, -2.908947467803955, -3.0628557205200195, -2.8840315341949463, -3.0121335983276367, -2.862813711166382, -2.9685165882110596, -2.879655599594116, -2.8543310165405273, -2.85551381111145, -2.951107978820801, -2.8426191806793213]"
27,"[-1.2352418899536133, -1.2347431182861328, -1.2368944883346558, -1.2399978637695312, -1.2433040142059326, -1.2659451961517334, -1.3376697301864624, -1.4365346431732178, -1.5005390644073486, -1.5533099174499512, -1.586660623550415, -1.6107770204544067, -1.6142141819000244, -1.6097644567489624, -1.6043111085891724, -1.5850210189819336, -1.584009051322937, -1.6048985719680786, -1.6047602891921997, -1.6050970554351807, -2.159790515899658, -2.1173408031463623, -2.288804054260254, -2.150916576385498, -2.2985174655914307, -2.181028366088867, -2.3218562602996826, -2.1952147483825684, -2.359433174133301, -2.209632635116577, -2.3604350090026855, -2.356900691986084, -2.2186853885650635, -2.3656809329986572, -2.2069456577301025, -2.3446977138519287, -2.245417356491089, -2.3346827030181885, -2.257263422012329, -2.20574951171875, -2.9807887077331543, -2.990731954574585, -3.107553482055664, -2.895341396331787, -3.130988121032715, -2.877507448196411, -3.0538430213928223, -2.884141683578491, -2.916627883911133, -2.9075357913970947, -3.064995527267456, -2.881437301635742, -3.0131711959838867, -2.859998941421509, -2.964097261428833, -2.877061367034912, -2.8494467735290527, -2.8522932529449463, -2.945801258087158, -2.839381217956543]"
28,"[-1.2300339937210083, -1.2296075820922852, -1.231868863105774, -1.2352246046066284, -1.2385693788528442, -1.2617976665496826, -1.3355085849761963, -1.4375027418136597, -1.5032802820205688, -1.5581251382827759, -1.5927408933639526, -1.6174074411392212, -1.6208345890045166, -1.6160058975219727, -1.6103546619415283, -1.5909690856933594, -1.590030312538147, -1.610954999923706, -1.6108603477478027, -1.6111639738082886, -2.1565873622894287, -2.1161065101623535, -2.289536476135254, -2.150827646255493, -2.3005073070526123, -2.182155132293701, -2.325153350830078, -2.1971843242645264, -2.364431381225586, -2.2126712799072266, -2.367438554763794, -2.3639719486236572, -2.2224936485290527, -2.3711235523223877, -2.2096588611602783, -2.349066734313965, -2.249262571334839, -2.338137149810791, -2.2604410648345947, -2.207071304321289, -2.980803966522217, -2.9895076751708984, -3.1092991828918457, -2.893789529800415, -3.1342859268188477, -2.876175880432129, -3.0567188262939453, -2.8815531730651855, -2.91321063041687, -2.90625262260437, -3.068079948425293, -2.8789258003234863, -3.0143537521362305, -2.8574111461639404, -2.960056781768799, -2.8744523525238037, -2.845184564590454, -2.849501371383667, -2.9404938220977783, -2.8363542556762695]"
29,"[-1.2250066995620728, -1.2246588468551636, -1.2270337343215942, -1.2306461334228516, -1.234073281288147, -1.257869839668274, -1.3337230682373047, -1.438934564590454, -1.5065124034881592, -1.563475251197815, -1.599422574043274, -1.6245558261871338, -1.6278258562088013, -1.6225624084472656, -1.6166467666625977, -1.5971486568450928, -1.5963166952133179, -1.6173248291015625, -1.617262601852417, -1.6174641847610474, -2.1533279418945312, -2.114895820617676, -2.2899327278137207, -2.1507227420806885, -2.3021605014801025, -2.1832730770111084, -2.3283851146698, -2.1991984844207764, -2.3694562911987305, -2.21569561958313, -2.374173641204834, -2.370746374130249, -2.226454257965088, -2.3766674995422363, -2.212400197982788, -2.3535337448120117, -2.253103017807007, -2.341590166091919, -2.2636008262634277, -2.2081964015960693, -2.980771064758301, -2.988490343093872, -3.1111700534820557, -2.892439126968384, -3.1377267837524414, -2.87528657913208, -3.0595524311065674, -2.8794312477111816, -2.911147117614746, -2.9052999019622803, -3.0713231563568115, -2.876828193664551, -3.0155742168426514, -2.8555171489715576, -2.9563276767730713, -2.8721485137939453, -2.841348886489868, -2.847240924835205, -2.935912847518921, -2.8335390090942383]"
30,"[-1.2197719812393188, -1.219634771347046, -1.2223548889160156, -1.2263120412826538, -1.2300198078155518, -1.2547794580459595, -1.333207368850708, -1.4411725997924805, -1.5102801322937012, -1.5694177150726318, -1.6064661741256714, -1.632080316543579, -1.635129451751709, -1.6295459270477295, -1.6234372854232788, -1.6039990186691284, -1.6033985614776611, -1.6244555711746216, -1.624420404434204, -1.6243410110473633, -2.1508700847625732, -2.113994836807251, -2.28983998298645, -2.1506869792938232, -2.302832841873169, -2.184051036834717, -2.3301799297332764, -2.2006192207336426, -2.372359275817871, -2.2178802490234375, -2.378011465072632, -2.3754913806915283, -2.229358434677124, -2.380995512008667, -2.214594841003418, -2.357386589050293, -2.2565159797668457, -2.3447234630584717, -2.2667572498321533, -2.2094058990478516, -2.981161594390869, -2.9872207641601562, -3.113394260406494, -2.8912885189056396, -3.1402738094329834, -2.874326467514038, -3.06280779838562, -2.8774638175964355, -2.9090683460235596, -2.9046571254730225, -3.0756192207336426, -2.874776601791382, -3.0166499614715576, -2.8531482219696045, -2.9523236751556396, -2.869690418243408, -2.837444543838501, -2.8447179794311523, -2.931194543838501, -2.8307454586029053]"
31,"[-1.2149806022644043, -1.2150251865386963, -1.2180572748184204, -1.2223244905471802, -1.2262797355651855, -1.2518967390060425, -1.3326772451400757, -1.4431885480880737, -1.5137171745300293, -1.5748727321624756, -1.6129467487335205, -1.6390122175216675, -1.6418544054031372, -1.6359686851501465, -1.6296710968017578, -1.6102795600891113, -1.6098893880844116, -1.6309882402420044, -1.6309754848480225, -1.6306418180465698, -2.148639440536499, -2.113187789916992, -2.289795398712158, -2.1507318019866943, -2.3034350872039795, -2.1848537921905518, -2.3318190574645996, -2.201850652694702, -2.3756632804870605, -2.223071336746216, -2.3806991577148438, -2.3811581134796143, -2.233504295349121, -2.3860435485839844, -2.218796730041504, -2.3600523471832275, -2.259793758392334, -2.3478825092315674, -2.2701914310455322, -2.2100493907928467, -2.981581687927246, -2.986114501953125, -3.11570143699646, -2.890225410461426, -3.1426494121551514, -2.8741579055786133, -3.0662217140197754, -2.8754262924194336, -2.9067583084106445, -2.9040515422821045, -3.079826831817627, -2.8729281425476074, -3.0176618099212646, -2.850987195968628, -2.9481394290924072, -2.8674497604370117, -2.834132432937622, -2.8426265716552734, -2.926823616027832, -2.8282525539398193]"
32,"[-1.2102625370025635, -1.2104907035827637, -1.213793396949768, -1.2183804512023926, -1.2225745916366577, -1.2490447759628296, -1.332188606262207, -1.4453808069229126, -1.5175584554672241, -1.5808069705963135, -1.6199958324432373, -1.6462799310684204, -1.6487140655517578, -1.6423509120941162, -1.6358219385147095, -1.6164283752441406, -1.6162350177764893, -1.6373785734176636, -1.6373730897903442, -1.6367837190628052, -2.1465303897857666, -2.112455368041992, -2.2896947860717773, -2.1508185863494873, -2.3040099143981934, -2.185711622238159, -2.3334426879882812, -2.2029528617858887, -2.378913402557373, -2.227773427963257, -2.38352632522583, -2.386998414993286, -2.2367959022521973, -2.391540765762329, -2.2222743034362793, -2.363091230392456, -2.2637014389038086, -2.35145902633667, -2.27333927154541, -2.2107722759246826, -2.9822874069213867, -2.985083818435669, -3.1182126998901367, -2.8892834186553955, -3.145536184310913, -2.8741753101348877, -3.0697624683380127, -2.8739285469055176, -2.904709815979004, -2.9035322666168213, -3.084080696105957, -2.8715054988861084, -3.0186891555786133, -2.849477529525757, -2.944059133529663, -2.8654708862304688, -2.831446886062622, -2.8409430980682373, -2.9227194786071777, -2.826005458831787]"
33,"[-1.2059050798416138, -1.2063227891921997, -1.209889531135559, -1.214787483215332, -1.2192195653915405, -1.2464722394943237, -1.3317471742630005, -1.4474310874938965, -1.5211549997329712, -1.58628249168396, -1.6264890432357788, -1.6529561281204224, -1.6550049781799316, -1.6481999158859253, -1.6414520740509033, -1.6220537424087524, -1.6220420598983765, -1.6432344913482666, -1.6432366371154785, -1.6424131393432617, -2.1446497440338135, -2.1117963790893555, -2.2896969318389893, -2.1509034633636475, -2.304676055908203, -2.1865673065185547, -2.3351099491119385, -2.2040703296661377, -2.3823392391204834, -2.232314348220825, -2.386359453201294, -2.3926680088043213, -2.2402522563934326, -2.396838903427124, -2.2256510257720947, -2.3662657737731934, -2.267383337020874, -2.3547933101654053, -2.276393413543701, -2.2115538120269775, -2.9834578037261963, -2.984304189682007, -3.1207334995269775, -2.8887758255004883, -3.14870023727417, -2.8743748664855957, -3.073544502258301, -2.872678518295288, -2.902872085571289, -2.903247117996216, -3.0879664421081543, -2.8700027465820312, -3.0194993019104004, -2.8478779792785645, -2.939810037612915, -2.8635149002075195, -2.8285210132598877, -2.839080810546875, -2.918551206588745, -2.8236403465270996]"
34,"[-1.201839804649353, -1.2024340629577637, -1.2062368392944336, -1.211405634880066, -1.2160311937332153, -1.243966817855835, -1.3312112092971802, -1.4491990804672241, -1.52439284324646, -1.5912322998046875, -1.632400631904602, -1.659055471420288, -1.660783052444458, -1.6535906791687012, -1.646663784980774, -1.6272755861282349, -1.62746000289917, -1.6487420797348022, -1.6487668752670288, -1.6476893424987793, -2.143367052078247, -2.1116318702697754, -2.2904796600341797, -2.150766134262085, -2.305917501449585, -2.187441349029541, -2.337130308151245, -2.205292224884033, -2.385988473892212, -2.2364578247070312, -2.389657497406006, -2.3985815048217773, -2.243147134780884, -2.402486562728882, -2.2287118434906006, -2.3696892261505127, -2.2708442211151123, -2.358415126800537, -2.2789247035980225, -2.2128872871398926, -2.9846608638763428, -2.9836483001708984, -3.123063802719116, -2.8895323276519775, -3.151258707046509, -2.8747782707214355, -3.0773708820343018, -2.8714823722839355, -2.9005565643310547, -2.9031193256378174, -3.0915913581848145, -2.868614435195923, -3.0204198360443115, -2.8463330268859863, -2.9367663860321045, -2.8616011142730713, -2.8255574703216553, -2.83699369430542, -2.9155638217926025, -2.821258306503296]"
35,"[-1.1978378295898438, -1.198589563369751, -1.2026423215866089, -1.2080848217010498, -1.2128809690475464, -1.2414402961730957, -1.3305686712265015, -1.4508416652679443, -1.5274579524993896, -1.5959758758544922, -1.6380724906921387, -1.6650110483169556, -1.6664953231811523, -1.659009337425232, -1.6519681215286255, -1.6326438188552856, -1.633119821548462, -1.6545863151550293, -1.65467369556427, -1.6533408164978027, -2.1422903537750244, -2.1115806102752686, -2.291471004486084, -2.1509411334991455, -2.307896852493286, -2.188878059387207, -2.340200185775757, -2.207357883453369, -2.3908071517944336, -2.2410476207733154, -2.394228935241699, -2.4053211212158203, -2.246906042098999, -2.408796548843384, -2.232145309448242, -2.37382173538208, -2.274740695953369, -2.3625590801239014, -2.2824935913085938, -2.2146782875061035, -2.985416889190674, -2.9823081493377686, -3.1253581047058105, -2.8899829387664795, -3.153801202774048, -2.874685525894165, -3.0811398029327393, -2.8699915409088135, -2.896146297454834, -2.902998447418213, -3.0940897464752197, -2.8671278953552246, -3.021674394607544, -2.845064401626587, -2.93442964553833, -2.8597335815429688, -2.82301664352417, -2.835131883621216, -2.9135053157806396, -2.819124221801758]"
36,"[-1.1940228939056396, -1.1949154138565063, -1.1991543769836426, -1.2048184871673584, -1.209769368171692, -1.238926649093628, -1.3299152851104736, -1.452298879623413, -1.5302597284317017, -1.60040283203125, -1.6433160305023193, -1.6705272197723389, -1.671811819076538, -1.6640840768814087, -1.6569452285766602, -1.637708067893982, -1.6384773254394531, -1.660136103630066, -1.6602956056594849, -1.6587121486663818, -2.141409158706665, -2.1116044521331787, -2.292451858520508, -2.151256799697876, -2.3097987174987793, -2.190275192260742, -2.3432047367095947, -2.209350824356079, -2.395188570022583, -2.2453060150146484, -2.3985884189605713, -2.4116504192352295, -2.2504537105560303, -2.4148926734924316, -2.2353384494781494, -2.377887487411499, -2.2784740924835205, -2.366564989089966, -2.2859714031219482, -2.216387987136841, -2.986255168914795, -2.980969190597534, -3.1276843547821045, -2.890404462814331, -3.1561098098754883, -2.8747410774230957, -3.0848851203918457, -2.8683934211730957, -2.8918473720550537, -2.9026436805725098, -3.0967965126037598, -2.865753650665283, -3.022676467895508, -2.843791961669922, -2.931973934173584, -2.8578109741210938, -2.820929527282715, -2.8334641456604004, -2.91196346282959, -2.817275285720825]"
37,"[-1.188920497894287, -1.1899880170822144, -1.1942696571350098, -1.200132966041565, -1.2052325010299683, -1.2351778745651245, -1.329730749130249, -1.4557002782821655, -1.5349165201187134, -1.6065195798873901, -1.6494418382644653, -1.6770025491714478, -1.6781400442123413, -1.6701881885528564, -1.6628366708755493, -1.6436103582382202, -1.6447113752365112, -1.6665960550308228, -1.666810393333435, -1.6649595499038696, -2.1397061347961426, -2.1112060546875, -2.2913146018981934, -2.1506428718566895, -2.3093292713165283, -2.1907076835632324, -2.3444666862487793, -2.2103335857391357, -2.397580146789551, -2.248828172683716, -2.4012341499328613, -2.4173686504364014, -2.253527879714966, -2.420531988143921, -2.2383484840393066, -2.3815813064575195, -2.2824602127075195, -2.3699750900268555, -2.2899062633514404, -2.2184271812438965, -2.986778736114502, -2.9796864986419678, -3.129915237426758, -2.8908960819244385, -3.1587674617767334, -2.875162363052368, -3.088453769683838, -2.866783857345581, -2.8880622386932373, -2.9026999473571777, -3.0993292331695557, -2.864906072616577, -3.023668050765991, -2.8433187007904053, -2.9297244548797607, -2.8562867641448975, -2.819580554962158, -2.83248233795166, -2.911201000213623, -2.8157711029052734]"
38,"[-1.1840804815292358, -1.1852699518203735, -1.1896657943725586, -1.1957499980926514, -1.201250433921814, -1.2323989868164062, -1.330747127532959, -1.4600549936294556, -1.5404255390167236, -1.6134452819824219, -1.6564468145370483, -1.6843702793121338, -1.6852041482925415, -1.6768697500228882, -1.6692113876342773, -1.6498733758926392, -1.651246190071106, -1.6733044385910034, -1.6734943389892578, -1.671325922012329, -2.13815975189209, -2.1108906269073486, -2.2902204990386963, -2.150146722793579, -2.309011697769165, -2.1912312507629395, -2.3459155559539795, -2.2114691734313965, -2.400071382522583, -2.25230073928833, -2.404113292694092, -2.423290491104126, -2.2568271160125732, -2.426253080368042, -2.241438865661621, -2.3854615688323975, -2.286367416381836, -2.373448371887207, -2.293839693069458, -2.2204904556274414, -2.98720121383667, -2.9785284996032715, -3.1319878101348877, -2.891470432281494, -3.1614859104156494, -2.8757660388946533, -3.0917859077453613, -2.8654839992523193, -2.885009765625, -2.9028806686401367, -3.101513385772705, -2.864344835281372, -3.0244486331939697, -2.8432023525238037, -2.927504539489746, -2.8549349308013916, -2.8186824321746826, -2.831939220428467, -2.9109201431274414, -2.8145077228546143]"
39,"[-1.1796433925628662, -1.1809405088424683, -1.1854381561279297, -1.1917237043380737, -1.1975855827331543, -1.2298223972320557, -1.3316302299499512, -1.464003086090088, -1.545432209968567, -1.6197484731674194, -1.6628303527832031, -1.6910991668701172, -1.6916651725769043, -1.6829909086227417, -1.6750603914260864, -1.655626893043518, -1.657252550125122, -1.679473638534546, -1.6796401739120483, -1.6771831512451172, -2.136828660964966, -2.1106414794921875, -2.289313554763794, -2.1497514247894287, -2.3088483810424805, -2.191795825958252, -2.3474385738372803, -2.2126550674438477, -2.4026222229003906, -2.255747079849243, -2.4070851802825928, -2.4290120601654053, -2.260486125946045, -2.431419849395752, -2.2445085048675537, -2.389047622680664, -2.2900125980377197, -2.376854419708252, -2.296910524368286, -2.2234115600585938, -2.987933397293091, -2.9776484966278076, -3.133991003036499, -2.8924930095672607, -3.164350986480713, -2.8769326210021973, -3.0950396060943604, -2.8649721145629883, -2.8832361698150635, -2.903174638748169, -3.1037404537200928, -2.86409854888916, -3.025398015975952, -2.8437163829803467, -2.925654888153076, -2.8539059162139893, -2.8186380863189697, -2.8322153091430664, -2.9112467765808105, -2.81358003616333]"
40,"[-1.174833059310913, -1.1759792566299438, -1.1805449724197388, -1.1870959997177124, -1.1931719779968262, -1.226595163345337, -1.3320186138153076, -1.4679913520812988, -1.5505874156951904, -1.6259634494781494, -1.669044017791748, -1.6982738971710205, -1.6987113952636719, -1.6897867918014526, -1.6813278198242188, -1.6617798805236816, -1.6637624502182007, -1.6862967014312744, -1.686489462852478, -1.683688998222351, -2.135296106338501, -2.1103973388671875, -2.2879528999328613, -2.149352788925171, -2.308117151260376, -2.1924402713775635, -2.3479957580566406, -2.213900327682495, -2.4035966396331787, -2.2586026191711426, -2.4086380004882812, -2.4330391883850098, -2.2633633613586426, -2.435640335083008, -2.247303009033203, -2.3923261165618896, -2.293351650238037, -2.3798811435699463, -2.300001859664917, -2.2261178493499756, -2.988431215286255, -2.9766499996185303, -3.1357107162475586, -2.893380641937256, -3.168079137802124, -2.8774123191833496, -3.098079204559326, -2.8644931316375732, -2.8807575702667236, -2.903616189956665, -3.1058754920959473, -2.863502025604248, -3.025472640991211, -2.8438942432403564, -2.9232187271118164, -2.852403163909912, -2.817781448364258, -2.8317925930023193, -2.911166191101074, -2.812624931335449]"
41,"[-1.1702210903167725, -1.1713224649429321, -1.1759741306304932, -1.1828097105026245, -1.1891623735427856, -1.2238200902938843, -1.332762598991394, -1.4721729755401611, -1.5558080673217773, -1.6323847770690918, -1.6756491661071777, -1.7055708169937134, -1.7057856321334839, -1.6964821815490723, -1.6874858140945435, -1.6678118705749512, -1.6701481342315674, -1.693010687828064, -1.693230152130127, -1.690115213394165, -2.1340436935424805, -2.11029314994812, -2.2869720458984375, -2.1493070125579834, -2.307969570159912, -2.1935293674468994, -2.349116563796997, -2.215656042098999, -2.405055046081543, -2.261646270751953, -2.4108331203460693, -2.437300205230713, -2.266556739807129, -2.440030574798584, -2.2502458095550537, -2.395800828933716, -2.296807050704956, -2.383021354675293, -2.3029727935791016, -2.2288522720336914, -2.9888858795166016, -2.975843906402588, -3.1374642848968506, -2.8944625854492188, -3.171355724334717, -2.87809681892395, -3.101177453994751, -2.8642959594726562, -2.878852605819702, -2.904132604598999, -3.1079041957855225, -2.863088846206665, -3.0256025791168213, -2.8441638946533203, -2.9211323261260986, -2.8510594367980957, -2.817202091217041, -2.8315534591674805, -2.9115335941314697, -2.8117494583129883]"
42,"[-1.1657800674438477, -1.1668516397476196, -1.171566367149353, -1.178692102432251, -1.1853699684143066, -1.2212928533554077, -1.3338634967803955, -1.4766062498092651, -1.5613974332809448, -1.6391737461090088, -1.68267023563385, -1.7131916284561157, -1.713127613067627, -1.7034274339675903, -1.693878173828125, -1.674048662185669, -1.6767231225967407, -1.6999366283416748, -1.7001763582229614, -1.6967971324920654, -2.132776975631714, -2.110269784927368, -2.285942792892456, -2.1494483947753906, -2.308035135269165, -2.194690227508545, -2.350266933441162, -2.2173826694488525, -2.406798839569092, -2.264634847640991, -2.4136672019958496, -2.4419989585876465, -2.2700016498565674, -2.444667339324951, -2.253265857696533, -2.3993985652923584, -2.3004579544067383, -2.386181592941284, -2.3056280612945557, -2.2317698001861572, -2.9891247749328613, -2.9749515056610107, -3.139227867126465, -2.895454168319702, -3.1743125915527344, -2.878958225250244, -3.104349136352539, -2.8644020557403564, -2.877960205078125, -2.9048268795013428, -3.110200881958008, -2.8630170822143555, -3.025857448577881, -2.8448548316955566, -2.919560432434082, -2.8501274585723877, -2.8172550201416016, -2.8317244052886963, -2.912283182144165, -2.8111276626586914]"
43,"[-1.1615428924560547, -1.1625639200210571, -1.1673216819763184, -1.174694299697876, -1.1816041469573975, -1.2185839414596558, -1.3344427347183228, -1.4804025888442993, -1.5663760900497437, -1.6453293561935425, -1.6890970468521118, -1.720244288444519, -1.7199763059616089, -1.7099391222000122, -1.6998966932296753, -1.6799077987670898, -1.6828804016113281, -1.7064075469970703, -1.7066513299942017, -1.703005313873291, -2.1316850185394287, -2.110276699066162, -2.2850630283355713, -2.1494927406311035, -2.308173656463623, -2.19602370262146, -2.35170316696167, -2.219008207321167, -2.4092185497283936, -2.267406463623047, -2.4171245098114014, -2.4472081661224365, -2.2735514640808105, -2.4500763416290283, -2.256004810333252, -2.402740478515625, -2.303691864013672, -2.389781951904297, -2.3080763816833496, -2.2335891723632812, -2.9889941215515137, -2.9742281436920166, -3.1410982608795166, -2.8964598178863525, -3.177504777908325, -2.8793492317199707, -3.1075475215911865, -2.8646817207336426, -2.8765740394592285, -2.9054155349731445, -3.1130287647247314, -2.862889289855957, -3.02567458152771, -2.8452506065368652, -2.917771816253662, -2.8487930297851562, -2.8170037269592285, -2.831265449523926, -2.912635564804077, -2.8102076053619385]"
44,"[-1.1573296785354614, -1.1583328247070312, -1.1631067991256714, -1.1707947254180908, -1.177997350692749, -1.2160751819610596, -1.3352363109588623, -1.484306812286377, -1.5715662240982056, -1.6518735885620117, -1.696006417274475, -1.7276854515075684, -1.7270631790161133, -1.7165607213974, -1.7059614658355713, -1.685745120048523, -1.6889674663543701, -1.7127299308776855, -1.7129429578781128, -1.7090096473693848, -2.1307051181793213, -2.110304355621338, -2.2843539714813232, -2.1495766639709473, -2.3084654808044434, -2.1973187923431396, -2.352900981903076, -2.220682144165039, -2.4102797508239746, -2.269408702850342, -2.4223222732543945, -2.4525086879730225, -2.2768852710723877, -2.456853151321411, -2.258281946182251, -2.405311107635498, -2.3079490661621094, -2.3913607597351074, -2.31052827835083, -2.235377073287964, -2.989093065261841, -2.973706007003784, -3.1428401470184326, -2.897444725036621, -3.18165922164917, -2.8804233074188232, -3.110464572906494, -2.866173505783081, -2.8751862049102783, -2.9058666229248047, -3.1152801513671875, -2.863316297531128, -3.0276029109954834, -2.845242500305176, -2.915618658065796, -2.847771406173706, -2.8171839714050293, -2.8311355113983154, -2.912963628768921, -2.809274435043335]"
45,"[-1.1531908512115479, -1.1542264223098755, -1.1590496301651, -1.1670628786087036, -1.174572467803955, -1.2137044668197632, -1.3360425233840942, -1.488094449043274, -1.5766299962997437, -1.658196210861206, -1.7026231288909912, -1.7347438335418701, -1.7337511777877808, -1.7228080034255981, -1.711674451828003, -1.6912238597869873, -1.6946446895599365, -1.718604564666748, -1.7187620401382446, -1.7145459651947021, -2.1298282146453857, -2.1103477478027344, -2.2837460041046143, -2.149665355682373, -2.30873441696167, -2.1985340118408203, -2.3534629344940186, -2.2218828201293945, -2.4121789932250977, -2.2713370323181152, -2.4281044006347656, -2.4573240280151367, -2.2796356678009033, -2.4632604122161865, -2.2605090141296387, -2.4073383808135986, -2.311587333679199, -2.3931305408477783, -2.313183307647705, -2.2367336750030518, -2.990083932876587, -2.9733293056488037, -3.1445860862731934, -2.8987209796905518, -3.1862363815307617, -2.882244825363159, -3.113294839859009, -2.8686671257019043, -2.87542986869812, -2.9065685272216797, -3.1178810596466064, -2.8641085624694824, -3.029444694519043, -2.8454957008361816, -2.9140055179595947, -2.8470189571380615, -2.817758560180664, -2.831343412399292, -2.9133193492889404, -2.80846905708313]"
46,"[-1.1492040157318115, -1.150592565536499, -1.1557949781417847, -1.1643617153167725, -1.172597050666809, -1.2135237455368042, -1.3393874168395996, -1.494073510169983, -1.583845853805542, -1.666277289390564, -1.7109655141830444, -1.743147373199463, -1.741611361503601, -1.7302294969558716, -1.718632459640503, -1.6979869604110718, -1.7016395330429077, -1.725827693939209, -1.7258665561676025, -1.7211763858795166, -2.128333330154419, -2.1101927757263184, -2.2826433181762695, -2.1493923664093018, -2.308516025543213, -2.1994264125823975, -2.3540587425231934, -2.2230615615844727, -2.4143199920654297, -2.2734172344207764, -2.4340202808380127, -2.4621169567108154, -2.2826309204101562, -2.469231128692627, -2.262711763381958, -2.4090850353240967, -2.314927816390991, -2.394622802734375, -2.315911293029785, -2.2379419803619385, -2.9907302856445312, -2.9729671478271484, -3.1461658477783203, -2.9000179767608643, -3.189765214920044, -2.884153127670288, -3.116103172302246, -2.871577739715576, -2.875422716140747, -2.907320499420166, -3.12066912651062, -2.8649258613586426, -3.0310769081115723, -2.8460440635681152, -2.9126148223876953, -2.8464322090148926, -2.8185064792633057, -2.831779956817627, -2.913875102996826, -2.807798385620117]"
47,"[-1.1441938877105713, -1.1459728479385376, -1.1514712572097778, -1.1606477499008179, -1.169606328010559, -1.2121729850769043, -1.3413021564483643, -1.4991049766540527, -1.5900481939315796, -1.6731846332550049, -1.7181390523910522, -1.7505629062652588, -1.7487441301345825, -1.7371975183486938, -1.7253128290176392, -1.7046809196472168, -1.7086244821548462, -1.7329251766204834, -1.7327885627746582, -1.7275755405426025, -2.1268742084503174, -2.110065221786499, -2.2816433906555176, -2.149244546890259, -2.3083548545837402, -2.200261354446411, -2.3545892238616943, -2.224180221557617, -2.4162349700927734, -2.275329828262329, -2.439872980117798, -2.466900587081909, -2.2854013442993164, -2.4748504161834717, -2.264777421951294, -2.4109861850738525, -2.318108558654785, -2.396131753921509, -2.3185055255889893, -2.2388973236083984, -2.991367816925049, -2.97267746925354, -3.1475701332092285, -2.9014699459075928, -3.193166971206665, -2.8864681720733643, -3.118438243865967, -2.8749842643737793, -2.8764874935150146, -2.9085710048675537, -3.1235601902008057, -2.865861415863037, -3.0328261852264404, -2.8467788696289062, -2.9115426540374756, -2.846073627471924, -2.819275140762329, -2.8324215412139893, -2.9147145748138428, -2.8071916103363037]"
48,"[-1.1395602226257324, -1.141707181930542, -1.1474684476852417, -1.1572057008743286, -1.1668150424957275, -1.2108505964279175, -1.3429590463638306, -1.5036077499389648, -1.5956274271011353, -1.6793718338012695, -1.7245688438415527, -1.7572156190872192, -1.755157709121704, -1.7434808015823364, -1.7313657999038696, -1.710776448249817, -1.7150256633758545, -1.7394580841064453, -1.7392094135284424, -1.7335882186889648, -2.125520706176758, -2.1099555492401123, -2.280583381652832, -2.149190902709961, -2.3082168102264404, -2.201157808303833, -2.355485200881958, -2.22550630569458, -2.4192209243774414, -2.277451276779175, -2.4465067386627197, -2.4725914001464844, -2.288748025894165, -2.480990409851074, -2.2671780586242676, -2.4135231971740723, -2.3213624954223633, -2.397949457168579, -2.321010112762451, -2.239872455596924, -2.992225408554077, -2.9725871086120605, -3.148871421813965, -2.902611255645752, -3.1972928047180176, -2.888578414916992, -3.1204473972320557, -2.878307580947876, -2.8773205280303955, -2.9098262786865234, -3.1267263889312744, -2.86676287651062, -3.0345115661621094, -2.847381353378296, -2.9104793071746826, -2.845729351043701, -2.8199734687805176, -2.833106756210327, -2.9156553745269775, -2.8066930770874023]"
49,"[-1.1321897506713867, -1.134102463722229, -1.1399993896484375, -1.1498063802719116, -1.1596685647964478, -1.2040573358535767, -1.3371055126190186, -1.500146746635437, -1.594283938407898, -1.679803490638733, -1.7260981798171997, -1.759572982788086, -1.7579129934310913, -1.7470558881759644, -1.7355449199676514, -1.7156130075454712, -1.7205170392990112, -1.7453099489212036, -1.745052695274353, -1.7389764785766602, -2.123779296875, -2.1094794273376465, -2.278700113296509, -2.1483333110809326, -2.307137966156006, -2.2013025283813477, -2.355355978012085, -2.226660966873169, -2.4216511249542236, -2.2796339988708496, -2.452134370803833, -2.4779560565948486, -2.292264461517334, -2.4866340160369873, -2.2696220874786377, -2.4164881706237793, -2.3246288299560547, -2.399662971496582, -2.3235650062561035, -2.2408132553100586, -2.9927170276641846, -2.972362995147705, -3.150009870529175, -2.9035611152648926, -3.201136350631714, -2.890165090560913, -3.122286796569824, -2.881047248840332, -2.8782846927642822, -2.912360906600952, -3.129674196243286, -2.867572546005249, -3.0356087684631348, -2.848302125930786, -2.908785581588745, -2.845477342605591, -2.8208563327789307, -2.83400559425354, -2.9164891242980957, -2.8062098026275635]"
50,"[-1.1254651546478271, -1.1271661520004272, -1.1331833600997925, -1.1430623531341553, -1.1531721353530884, -1.1978967189788818, -1.331817865371704, -1.497087836265564, -1.5931953191757202, -1.680311918258667, -1.7275933027267456, -1.7618178129196167, -1.760521411895752, -1.7504045963287354, -1.7394304275512695, -1.7200829982757568, -1.7255728244781494, -1.7506871223449707, -1.750413417816162, -1.743919014930725, -2.1222193241119385, -2.1090621948242188, -2.2770285606384277, -2.147592067718506, -2.3062376976013184, -2.2014589309692383, -2.3553037643432617, -2.2278056144714355, -2.4239308834075928, -2.28163743019104, -2.457444906234741, -2.4828691482543945, -2.2958083152770996, -2.4916672706604004, -2.272118330001831, -2.4193549156188965, -2.3280019760131836, -2.401552200317383, -2.3263325691223145, -2.2408905029296875, -2.993065118789673, -2.972153663635254, -3.150909423828125, -2.904571056365967, -3.2039005756378174, -2.892486095428467, -3.1239359378814697, -2.8834128379821777, -2.8800532817840576, -2.9151923656463623, -3.1322038173675537, -2.868358850479126, -3.0365123748779297, -2.8493032455444336, -2.9072659015655518, -2.84529709815979, -2.8220365047454834, -2.835134983062744, -2.917520761489868, -2.8057944774627686]"
51,"[-1.119367003440857, -1.1208728551864624, -1.1270030736923218, -1.136956810951233, -1.1473039388656616, -1.1923413276672363, -1.327083706855774, -1.4944549798965454, -1.592466115951538, -1.6811144351959229, -1.7293065786361694, -1.764270305633545, -1.7633079290390015, -1.7538678646087646, -1.7433730363845825, -1.7245502471923828, -1.7305854558944702, -1.7559788227081299, -1.7556743621826172, -1.7487748861312866, -2.1208972930908203, -2.10878849029541, -2.275613784790039, -2.147233724594116, -2.305694103240967, -2.2021372318267822, -2.355637550354004, -2.229614734649658, -2.4264087677001953, -2.283980369567871, -2.4628002643585205, -2.487842559814453, -2.29976487159729, -2.4965736865997314, -2.274855136871338, -2.4223389625549316, -2.331545829772949, -2.403637647628784, -2.329528570175171, -2.2413899898529053, -2.9934184551239014, -2.9718544483184814, -3.15165376663208, -2.905423641204834, -3.206496477127075, -2.894481897354126, -3.125197410583496, -2.8857202529907227, -2.8814942836761475, -2.9176037311553955, -3.1343917846679688, -2.8693017959594727, -3.0371763706207275, -2.8504538536071777, -2.9053030014038086, -2.845217704772949, -2.8238251209259033, -2.836817741394043, -2.918782949447632, -2.805762767791748]"
52,"[-1.1137573719024658, -1.1151267290115356, -1.1213704347610474, -1.1314094066619873, -1.1419843435287476, -1.1873066425323486, -1.3228027820587158, -1.4921026229858398, -1.5918630361557007, -1.6819169521331787, -1.7309468984603882, -1.766593337059021, -1.7659313678741455, -1.7571038007736206, -1.747045874595642, -1.728708267211914, -1.735252857208252, -1.7609187364578247, -1.7606103420257568, -1.753373146057129, -2.1199684143066406, -2.1086599826812744, -2.274306297302246, -2.147005796432495, -2.305168628692627, -2.203009843826294, -2.3560025691986084, -2.231780767440796, -2.428553581237793, -2.285412073135376, -2.4684159755706787, -2.4940712451934814, -2.302942991256714, -2.5013210773468018, -2.278477907180786, -2.4249377250671387, -2.334308624267578, -2.4070985317230225, -2.3348312377929688, -2.240226984024048, -2.9936892986297607, -2.97158145904541, -3.152515172958374, -2.9060990810394287, -3.2089879512786865, -2.8966593742370605, -3.126859664916992, -2.8878824710845947, -2.883572816848755, -2.9197659492492676, -3.1362407207489014, -2.8702425956726074, -3.0377113819122314, -2.8514227867126465, -2.9032235145568848, -2.845017194747925, -2.82532000541687, -2.8382349014282227, -2.919517993927002, -2.8056492805480957]"
53,"[-1.1051048040390015, -1.106534481048584, -1.112844705581665, -1.123265266418457, -1.13447105884552, -1.1812748908996582, -1.318620204925537, -1.4927847385406494, -1.5949974060058594, -1.6830018758773804, -1.7279013395309448, -1.7633153200149536, -1.765384554862976, -1.7615337371826172, -1.7526057958602905, -1.734343409538269, -1.7395936250686646, -1.7626172304153442, -1.7619831562042236, -1.7551692724227905, -2.120720386505127, -2.1092092990875244, -2.273341178894043, -2.1478166580200195, -2.3041274547576904, -2.2040112018585205, -2.356083631515503, -2.233858823776245, -2.430816173553467, -2.2869765758514404, -2.474097967147827, -2.500192403793335, -2.3064768314361572, -2.5061206817626953, -2.282102346420288, -2.42767333984375, -2.3372340202331543, -2.4105453491210938, -2.34028697013855, -2.2394824028015137, -2.994032382965088, -2.97145938873291, -3.1536741256713867, -2.9068822860717773, -3.2109310626983643, -2.8991918563842773, -3.129394054412842, -2.890610694885254, -2.8853745460510254, -2.9221911430358887, -3.139024257659912, -2.871373414993286, -3.039870023727417, -2.8528575897216797, -2.9012441635131836, -2.8450777530670166, -2.827324867248535, -2.840078353881836, -2.920595169067383, -2.805558919906616]"
54,"[-1.096448540687561, -1.0985459089279175, -1.10515296459198, -1.1161315441131592, -1.1283831596374512, -1.176985740661621, -1.3163549900054932, -1.494243860244751, -1.5984829664230347, -1.6830984354019165, -1.7244638204574585, -1.7596428394317627, -1.7642041444778442, -1.7654191255569458, -1.757700800895691, -1.7399080991744995, -1.7442171573638916, -1.7649245262145996, -1.7642008066177368, -1.7576123476028442, -2.1230556964874268, -2.110304355621338, -2.2722039222717285, -2.148648500442505, -2.301854372024536, -2.2043402194976807, -2.354426622390747, -2.234607696533203, -2.42973256111145, -2.2873804569244385, -2.4754486083984375, -2.5031118392944336, -2.3085269927978516, -2.5093581676483154, -2.2848079204559326, -2.4295146465301514, -2.33944034576416, -2.4133782386779785, -2.3451836109161377, -2.2391371726989746, -2.9941625595092773, -2.9714598655700684, -3.155062198638916, -2.907460927963257, -3.2102792263031006, -2.901543617248535, -3.1317410469055176, -2.892990827560425, -2.887230396270752, -2.924128293991089, -3.1430814266204834, -2.871487855911255, -3.0425608158111572, -2.853203296661377, -2.899527072906494, -2.8450586795806885, -2.8289804458618164, -2.841628313064575, -2.9210309982299805, -2.805375576019287]"
55,"[-1.0882952213287354, -1.0910381078720093, -1.0978964567184448, -1.1094021797180176, -1.1226112842559814, -1.1729127168655396, -1.3142033815383911, -1.495822548866272, -1.6020145416259766, -1.6840723752975464, -1.7223762273788452, -1.7572517395019531, -1.7639102935791016, -1.7696170806884766, -1.7628902196884155, -1.7453248500823975, -1.7487051486968994, -1.7672399282455444, -1.7664424180984497, -1.7600899934768677, -2.1253817081451416, -2.1114485263824463, -2.2714905738830566, -2.149700403213501, -2.3000073432922363, -2.205026626586914, -2.353288412094116, -2.235779047012329, -2.428881883621216, -2.2883150577545166, -2.476907730102539, -2.5058019161224365, -2.311246156692505, -2.512460470199585, -2.287947177886963, -2.431652069091797, -2.3420166969299316, -2.4163265228271484, -2.3504815101623535, -2.239304304122925, -2.9941582679748535, -2.971179962158203, -3.1558547019958496, -2.9081666469573975, -3.2095048427581787, -2.903703212738037, -3.1342275142669678, -2.8954899311065674, -2.889270305633545, -2.925391435623169, -3.147172212600708, -2.8718490600585938, -3.045027017593384, -2.8535470962524414, -2.8975942134857178, -2.844993829727173, -2.8307812213897705, -2.8434581756591797, -2.921444892883301, -2.8053066730499268]"
56,"[-1.0808559656143188, -1.084183692932129, -1.0912643671035767, -1.1032521724700928, -1.117358922958374, -1.1692657470703125, -1.3123514652252197, -1.497501015663147, -1.605485200881958, -1.6852890253067017, -1.7207930088043213, -1.7553682327270508, -1.7640326023101807, -1.773909091949463, -1.7681660652160645, -1.7508900165557861, -1.753587007522583, -1.7701730728149414, -1.7694276571273804, -1.7634661197662354, -2.1283931732177734, -2.113041877746582, -2.273531675338745, -2.1519927978515625, -2.3025941848754883, -2.2087552547454834, -2.356163740158081, -2.2412467002868652, -2.433194398880005, -2.293487310409546, -2.482584238052368, -2.5119776725769043, -2.318580389022827, -2.5181431770324707, -2.2952070236206055, -2.4367101192474365, -2.3491735458374023, -2.4238414764404297, -2.359205961227417, -2.2461369037628174, -2.9892728328704834, -2.9674713611602783, -3.154287099838257, -2.910388946533203, -3.2062878608703613, -2.9083452224731445, -3.136223793029785, -2.899266004562378, -2.89203143119812, -2.9265596866607666, -3.1510703563690186, -2.872729778289795, -3.0473339557647705, -2.854328155517578, -2.895803451538086, -2.8447017669677734, -2.832977533340454, -2.845320463180542, -2.9216556549072266, -2.8052661418914795]"
57,"[-1.0739648342132568, -1.0779346227645874, -1.0852926969528198, -1.0977838039398193, -1.1128560304641724, -1.1662921905517578, -1.3110378980636597, -1.4993582963943481, -1.608867883682251, -1.686742901802063, -1.719726800918579, -1.7540665864944458, -1.7646466493606567, -1.778252124786377, -1.7733174562454224, -1.7563310861587524, -1.7584235668182373, -1.7732422351837158, -1.772512674331665, -1.7668851613998413, -2.1312742233276367, -2.11457896232605, -2.2754907608032227, -2.154263496398926, -2.305095911026001, -2.2123661041259766, -2.3591034412384033, -2.2465932369232178, -2.437610626220703, -2.2985873222351074, -2.4884936809539795, -2.5183916091918945, -2.325737476348877, -2.5238046646118164, -2.3020429611206055, -2.4416344165802, -2.355848789215088, -2.4307780265808105, -2.367222785949707, -2.2524220943450928, -2.984835386276245, -2.9639172554016113, -3.1530632972717285, -2.912520170211792, -3.203134536743164, -2.9126083850860596, -3.1384389400482178, -2.9028100967407227, -2.8947582244873047, -2.9280617237091064, -3.1548423767089844, -2.8735971450805664, -3.0499634742736816, -2.855142831802368, -2.894096612930298, -2.8445301055908203, -2.8351049423217773, -2.8473334312438965, -2.9220991134643555, -2.805288314819336]"
58,"[-1.0675790309906006, -1.0721731185913086, -1.0798126459121704, -1.092816710472107, -1.1088348627090454, -1.1637303829193115, -1.3100405931472778, -1.5012627840042114, -1.6121867895126343, -1.6884227991104126, -1.7191176414489746, -1.7532888650894165, -1.7656611204147339, -1.782575011253357, -1.778243899345398, -1.7614697217941284, -1.762984037399292, -1.7761765718460083, -1.7754402160644531, -1.7701144218444824, -2.1339364051818848, -2.1159961223602295, -2.277384042739868, -2.1563563346862793, -2.307513475418091, -2.215826988220215, -2.3618876934051514, -2.2516226768493652, -2.441837787628174, -2.303389549255371, -2.4944138526916504, -2.5248634815216064, -2.332551956176758, -2.529547691345215, -2.3084583282470703, -2.4463653564453125, -2.362060546875, -2.4372386932373047, -2.3744759559631348, -2.258176326751709, -2.9811432361602783, -2.9610629081726074, -3.152527093887329, -2.9145421981811523, -3.2007458209991455, -2.916869878768921, -3.1413679122924805, -2.9067208766937256, -2.8982491493225098, -2.9299983978271484, -3.159879207611084, -2.8747241497039795, -3.0526349544525146, -2.8564558029174805, -2.8921568393707275, -2.8446829319000244, -2.8375046253204346, -2.8496201038360596, -2.922405242919922, -2.805297374725342]"
59,"[-1.0614999532699585, -1.066693663597107, -1.0745735168457031, -1.0880558490753174, -1.1049315929412842, -1.1612108945846558, -1.3090356588363647, -1.5032801628112793, -1.6156384944915771, -1.6909695863723755, -1.7196226119995117, -1.75355863571167, -1.7674654722213745, -1.787352442741394, -1.7833391427993774, -1.7666383981704712, -1.7674658298492432, -1.7791430950164795, -1.7783914804458618, -1.7733523845672607, -2.1364693641662598, -2.1173787117004395, -2.2793610095977783, -2.158406972885132, -2.310084581375122, -2.219219446182251, -2.3647232055664062, -2.256467580795288, -2.4459545612335205, -2.308070421218872, -2.5002455711364746, -2.5311148166656494, -2.3389766216278076, -2.535335063934326, -2.314351797103882, -2.450752019882202, -2.367988109588623, -2.4430222511291504, -2.381161689758301, -2.263496160507202, -2.9779152870178223, -2.958616018295288, -3.1521782875061035, -2.916783094406128, -3.199164390563965, -2.921001672744751, -3.145045518875122, -2.9103024005889893, -2.9018073081970215, -2.931332588195801, -3.164820432662964, -2.875866651535034, -3.0549516677856445, -2.857599973678589, -2.8906021118164062, -2.8446600437164307, -2.8397669792175293, -2.851856231689453, -2.9225893020629883, -2.805271863937378]"
60,"[-1.0556409358978271, -1.061479926109314, -1.069583773612976, -1.0835235118865967, -1.101197600364685, -1.1588393449783325, -1.308190941810608, -1.505287528038025, -1.619066834449768, -1.6937570571899414, -1.720609188079834, -1.7544368505477905, -1.769901990890503, -1.7924916744232178, -1.7886667251586914, -1.7719337940216064, -1.7720580101013184, -1.7822577953338623, -1.781417965888977, -1.776625156402588, -2.1387898921966553, -2.1186938285827637, -2.281151533126831, -2.159966230392456, -2.3123793601989746, -2.222618818283081, -2.3673601150512695, -2.2614965438842773, -2.451395034790039, -2.3129703998565674, -2.5067009925842285, -2.535681962966919, -2.347412109375, -2.5431950092315674, -2.320488929748535, -2.4542887210845947, -2.373450517654419, -2.4478073120117188, -2.386619806289673, -2.267566204071045, -2.9745419025421143, -2.955961227416992, -3.151237726211548, -2.918673038482666, -3.197415828704834, -2.9244654178619385, -3.1492176055908203, -2.912959098815918, -2.904716968536377, -2.9330010414123535, -3.1703221797943115, -2.8766720294952393, -3.0571932792663574, -2.857997417449951, -2.8883864879608154, -2.844291925430298, -2.8412728309631348, -2.853851795196533, -2.922551393508911, -2.804673433303833]"
61,"[-1.050074815750122, -1.0566272735595703, -1.0650595426559448, -1.0795029401779175, -1.0980544090270996, -1.1570912599563599, -1.3079774379730225, -1.5078297853469849, -1.6228907108306885, -1.697768211364746, -1.7230125665664673, -1.756672978401184, -1.7736583948135376, -1.7984826564788818, -1.794641375541687, -1.7777689695358276, -1.7773219347000122, -1.7861393690109253, -1.7851439714431763, -1.7805317640304565, -2.1408519744873047, -2.1199469566345215, -2.2822015285491943, -2.1614246368408203, -2.3138647079467773, -2.2255537509918213, -2.3692071437835693, -2.266075849533081, -2.4561779499053955, -2.3174355030059814, -2.512965440750122, -2.5389344692230225, -2.3551225662231445, -2.5514862537384033, -2.3264780044555664, -2.458009958267212, -2.3790173530578613, -2.4524285793304443, -2.3921825885772705, -2.271273136138916, -2.9716105461120605, -2.9534595012664795, -3.15065336227417, -2.9203543663024902, -3.19575572013855, -2.9277703762054443, -3.1536262035369873, -2.914738655090332, -2.9078543186187744, -2.9346959590911865, -3.1757137775421143, -2.877363681793213, -3.059307098388672, -2.857882499694824, -2.885754108428955, -2.8437352180480957, -2.8426244258880615, -2.8558168411254883, -2.922757148742676, -2.8042151927948]"
